obj_idx,type,distance_m,depth_z_m,occluded,truncated,num_lidar_pts,iou_corners,iou_points,gt_box,pred_corners,pred_points,frame_id
0,Truck,69.46,69.44,0,0.0,70,0.9379,0.7958,"[599.4, 156.4, 629.8, 189.2]","[599.8, 157.3, 629.8, 189.8]","[599.9, 160.5, 629.3, 187.5]",000001
1,Car,60.83,58.49,0,0.0,9,0.9806,0.0536,"[387.6, 181.5, 423.8, 203.1]","[387.9, 181.5, 423.8, 203.3]","[394.8, 194.9, 405.4, 198.8]",000001
2,Cyclist,46.09,45.84,3,0.0,18,0.9599,0.5903,"[676.6, 163.9, 689.0, 193.9]","[676.9, 164.2, 688.9, 194.1]","[677.4, 167.8, 687.1, 190.6]",000001
0,Car,41.42,38.26,0,0.0,77,0.9801,0.5326,"[280.4, 185.1, 344.9, 215.6]","[280.6, 184.9, 344.9, 215.8]","[286.5, 194.5, 340.7, 213.8]",000004
1,Car,53.63,51.17,0,0.0,26,0.9797,0.4023,"[365.1, 184.5, 406.1, 205.2]","[365.3, 184.4, 406.0, 205.4]","[368.4, 189.3, 404.2, 198.9]",000004
0,Car,25.08,25.01,0,0.0,191,0.9667,0.8473,"[564.6, 174.6, 616.4, 224.7]","[565.5, 175.0, 616.7, 225.0]","[566.3, 177.8, 615.1, 222.9]",000007
1,Car,48.16,47.55,0,0.0,19,0.972,0.3415,"[481.6, 180.1, 512.5, 202.4]","[481.8, 179.9, 512.4, 202.5]","[482.3, 192.6, 510.3, 201.0]",000007
2,Car,60.73,60.52,0,0.0,5,0.9732,0.0051,"[542.0, 175.6, 565.3, 193.8]","[542.2, 175.7, 565.2, 193.9]","[543.5, 187.7, 556.2, 187.9]",000007
3,Cyclist,36.4,34.09,0,0.0,25,0.9791,0.5168,"[330.6, 176.1, 355.6, 213.6]","[330.8, 176.1, 355.5, 213.8]","[336.9, 178.5, 351.4, 211.9]",000007
0,Car,4.88,3.68,3,0.88,6237,0.9934,0.8939,"[0.0, 192.4, 402.3, 374.0]","[0.0, 191.3, 402.7, 374.0]","[0.8, 206.3, 390.5, 374.0]",000008
1,Car,8.12,7.86,1,0.0,1940,0.9854,0.8761,"[334.9, 178.9, 624.5, 372.0]","[335.8, 178.7, 624.5, 374.0]","[356.0, 180.8, 616.6, 368.8]",000008
2,Car,7.42,6.15,3,0.34,1041,0.9865,0.8578,"[937.3, 197.4, 1241.0, 374.0]","[938.8, 195.9, 1241.0, 374.0]","[952.0, 214.8, 1241.0, 374.0]",000008
3,Car,14.56,14.44,1,0.0,668,0.974,0.8529,"[597.6, 176.2, 720.9, 261.1]","[598.1, 176.4, 721.3, 262.6]","[604.3, 180.9, 718.1, 259.4]",000008
4,Car,34.02,33.2,0,0.0,53,0.9648,0.6893,"[741.2, 168.8, 792.2, 208.4]","[741.7, 169.4, 792.3, 208.9]","[744.7, 170.5, 784.0, 205.9]",000008
5,Car,21.76,19.96,0,0.0,164,0.9711,0.7309,"[884.5, 178.3, 956.4, 240.2]","[885.4, 178.2, 956.1, 240.9]","[890.3, 183.2, 952.3, 235.6]",000008
0,Car,23.95,23.88,0,0.0,219,0.9692,0.7892,"[602.0, 177.0, 659.2, 229.5]","[602.7, 177.1, 658.7, 230.0]","[604.8, 181.4, 658.0, 225.9]",000009
1,Car,66.4,66.37,2,0.0,4,0.9805,0.1629,"[600.1, 177.1, 624.7, 193.3]","[600.3, 177.1, 624.8, 193.5]","[605.1, 183.0, 619.4, 187.5]",000009
2,Car,68.31,68.25,0,0.0,1,0.9766,0.0,"[575.0, 178.6, 598.5, 194.0]","[575.1, 178.5, 598.4, 194.1]",,000009
0,Car,7.03,5.2,0,0.8,1645,0.9849,0.8565,"[1013.4, 182.5, 1241.0, 374.0]","[1015.2, 181.1, 1241.0, 374.0]","[1021.1, 204.2, 1241.0, 374.0]",000010
1,Car,12.15,11.8,0,0.0,1016,0.973,0.8141,"[354.4, 185.5, 549.5, 294.5]","[355.0, 184.8, 549.9, 296.3]","[373.1, 189.8, 541.9, 292.3]",000010
2,Pedestrian,24.99,23.51,2,0.0,23,0.6919,0.2079,"[859.5, 159.8, 879.7, 221.4]","[852.9, 159.9, 881.9, 221.7]","[863.4, 166.4, 877.1, 185.3]",000010
3,Car,17.58,16.5,0,0.0,340,0.9665,0.7662,"[819.6, 178.1, 926.8, 251.6]","[820.6, 178.0, 926.2, 252.8]","[824.8, 185.0, 921.7, 247.3]",000010
4,Car,23.15,22.05,2,0.0,48,0.9658,0.5467,"[800.5, 178.1, 878.8, 230.6]","[801.4, 177.9, 878.8, 231.6]","[806.0, 184.2, 861.4, 224.7]",000010
5,Car,23.71,23.64,0,0.0,246,0.9737,0.8163,"[558.5, 179.0, 635.0, 230.6]","[559.1, 179.0, 635.1, 231.6]","[565.3, 182.1, 632.3, 230.2]",000010
6,Car,29.13,29.07,2,0.0,55,0.9702,0.5149,"[598.3, 178.7, 652.2, 218.2]","[598.9, 178.7, 652.2, 218.9]","[620.9, 179.1, 649.1, 218.1]",000010
7,Car,29.65,28.53,1,0.0,33,0.9696,0.5076,"[784.6, 178.0, 840.0, 220.1]","[785.1, 178.0, 840.0, 221.0]","[787.6, 181.4, 820.1, 217.7]",000010
8,Car,43.12,42.85,1,0.0,20,0.9732,0.5764,"[663.7, 175.4, 707.2, 204.1]","[664.2, 175.4, 707.2, 204.5]","[670.9, 180.8, 703.5, 203.0]",000010
0,Pedestrian,13.49,12.42,1,0.0,151,0.7617,0.8591,"[883.7, 144.1, 937.3, 259.0]","[872.3, 144.4, 942.5, 259.3]","[885.5, 152.8, 937.4, 255.1]",000011
1,Pedestrian,14.56,13.43,2,0.0,35,0.9709,0.51,"[873.7, 152.1, 933.4, 256.1]","[875.0, 152.2, 933.2, 256.4]","[893.4, 168.3, 931.8, 250.7]",000011
2,Car,27.16,26.64,0,0.0,208,0.9622,0.8262,"[444.3, 171.0, 505.0, 225.8]","[445.0, 172.0, 504.9, 226.3]","[448.4, 175.3, 503.0, 225.6]",000011
3,Pedestrian,34.19,34.08,0,0.0,40,0.6641,0.7812,"[649.3, 168.1, 664.6, 206.4]","[646.0, 168.3, 668.9, 206.5]","[649.3, 171.7, 664.3, 202.2]",000011
4,Car,6.83,4.13,0,0.98,3251,0.9828,0.6913,"[0.0, 217.1, 85.9, 374.0]","[0.0, 215.0, 85.6, 374.0]","[0.5, 246.5, 73.6, 374.0]",000011
5,Pedestrian,17.91,15.95,0,0.0,81,0.7877,0.7895,"[240.4, 190.3, 268.0, 261.6]","[236.4, 190.7, 271.3, 261.7]","[242.7, 193.0, 266.7, 257.8]",000011
0,Car,59.14,58.84,0,0.0,13,0.9703,0.2327,"[662.2, 185.9, 690.2, 205.0]","[662.4, 185.7, 690.1, 205.3]","[673.2, 191.5, 688.8, 199.5]",000012
1,Van,66.37,65.02,0,0.0,39,0.9726,0.4847,"[448.1, 177.1, 481.6, 206.4]","[448.5, 177.2, 481.5, 206.7]","[451.4, 179.9, 477.3, 198.2]",000012
0,Car,5.22,4.1,0,0.89,5857,0.9912,0.8917,"[0.0, 194.7, 414.7, 373.0]","[0.0, 196.2, 414.8, 373.0]","[0.3, 207.4, 398.4, 373.0]",000015
1,Pedestrian,9.05,7.59,1,0.0,386,0.5724,0.6525,"[1021.8, 133.3, 1101.4, 316.6]","[987.8, 132.7, 1126.3, 316.3]","[1015.5, 155.3, 1121.6, 308.1]",000015
2,Pedestrian,24.31,24.14,0,0.0,55,0.5881,0.4919,"[672.2, 171.7, 690.1, 224.3]","[662.8, 171.8, 688.3, 224.2]","[668.3, 176.3, 684.5, 221.0]",000015
3,Pedestrian,24.48,24.22,0,0.0,70,0.7118,0.5195,"[692.7, 169.1, 712.5, 224.0]","[686.5, 169.0, 714.2, 223.9]","[688.6, 176.1, 707.4, 220.8]",000015
4,Pedestrian,23.41,23.3,0,0.0,66,0.7291,0.6967,"[537.8, 168.1, 560.9, 224.3]","[530.9, 168.2, 562.5, 224.3]","[538.6, 172.8, 557.0, 222.0]",000015
0,Car,44.63,44.41,2,0.0,24,0.9792,0.2627,"[661.2, 174.9, 694.4, 197.6]","[661.3, 175.0, 694.4, 197.9]","[663.9, 185.1, 685.9, 194.1]",000016
1,Truck,28.14,26.41,2,0.0,1973,0.9573,0.5332,"[125.1, 91.7, 474.0, 253.3]","[126.1, 94.8, 473.5, 256.6]","[130.9, 145.1, 466.0, 234.8]",000016
2,Car,33.47,33.13,0,0.0,51,0.9602,0.6059,"[684.5, 172.2, 733.8, 205.3]","[685.0, 172.6, 733.7, 205.8]","[687.6, 178.8, 730.3, 201.9]",000016
3,Car,7.27,6.05,0,0.5,2051,0.9953,0.8654,"[0.0, 193.6, 386.2, 374.0]","[0.0, 192.8, 386.0, 374.0]","[0.5, 209.4, 366.9, 374.0]",000016
4,Car,47.22,46.74,0,0.0,10,0.9752,0.1522,"[494.5, 181.8, 527.5, 205.3]","[494.7, 181.8, 527.3, 205.5]","[497.5, 196.1, 523.5, 200.7]",000016
5,Tram,90.98,90.96,2,0.0,0,0.9411,0.0,"[587.3, 158.6, 648.7, 188.5]","[587.5, 159.5, 648.8, 189.3]",,000016
0,Truck,6.56,5.46,1,0.74,7634,0.9977,0.7201,"[0.0, 0.0, 424.7, 374.0]","[0.0, 0.0, 425.7, 374.0]","[0.1, 100.0, 417.7, 374.0]",000019
1,Car,10.26,9.72,0,0.0,1236,0.9759,0.8819,"[742.4, 184.5, 944.6, 321.4]","[743.7, 183.4, 944.6, 322.8]","[752.2, 186.6, 934.4, 320.5]",000019
2,Van,35.47,35.34,0,0.0,106,0.9579,0.7014,"[639.2, 169.7, 683.5, 213.0]","[639.8, 170.5, 683.3, 213.3]","[643.7, 175.0, 681.3, 210.7]",000019
3,Car,59.77,59.59,0,0.0,19,0.9674,0.4304,"[551.0, 184.1, 575.4, 204.3]","[551.3, 183.9, 575.3, 204.4]","[553.3, 187.6, 569.4, 200.8]",000019
0,Cyclist,4.5,3.14,0,0.89,1484,0.9609,0.5453,"[1056.2, 190.5, 1241.0, 374.0]","[1061.6, 188.7, 1241.0, 374.0]","[1136.4, 197.2, 1241.0, 374.0]",000021
1,Car,13.73,13.3,0,0.0,850,0.9769,0.8655,"[359.4, 179.3, 516.3, 271.0]","[359.4, 179.0, 516.4, 272.8]","[369.0, 183.2, 511.6, 270.5]",000021
2,Car,17.85,17.6,1,0.0,238,0.9557,0.6052,"[444.1, 163.9, 559.2, 247.0]","[445.3, 165.3, 559.0, 248.4]","[478.3, 167.6, 551.6, 246.5]",000021
3,Van,23.95,21.3,1,0.0,964,0.9741,0.7325,"[870.6, 115.2, 1101.1, 213.9]","[871.9, 116.4, 1100.8, 213.2]","[876.8, 137.1, 1097.2, 212.6]",000021
4,Car,26.52,25.97,0,0.0,176,0.9661,0.8232,"[724.5, 171.1, 790.5, 215.1]","[724.8, 171.9, 790.6, 215.6]","[729.8, 172.0, 788.1, 213.1]",000021
5,Car,26.92,26.83,1,0.0,113,0.9573,0.5934,"[534.2, 166.2, 596.1, 216.8]","[535.0, 167.0, 595.9, 217.4]","[551.4, 171.1, 594.2, 214.4]",000021
6,Car,32.64,32.13,2,0.0,50,0.9603,0.7781,"[709.8, 162.4, 765.7, 205.7]","[710.3, 163.2, 765.5, 206.1]","[712.8, 164.6, 763.4, 201.8]",000021
7,Car,31.83,31.78,2,0.0,28,0.9754,0.2564,"[562.0, 166.4, 605.6, 206.9]","[562.3, 166.8, 605.6, 207.2]","[588.5, 171.8, 601.6, 206.4]",000021
0,Truck,69.31,69.29,0,0.0,74,0.9179,0.7587,"[599.2, 156.7, 629.6, 189.6]","[600.0, 157.6, 630.0, 190.2]","[600.0, 160.5, 628.1, 187.5]",000023
1,Car,57.57,55.08,0,0.0,13,0.9822,0.0741,"[373.0, 182.6, 412.2, 205.7]","[373.1, 182.5, 412.1, 205.8]","[377.3, 194.8, 393.5, 198.9]",000023
2,Cyclist,45.01,44.76,3,0.0,20,0.978,0.5526,"[677.9, 164.6, 690.8, 195.4]","[678.1, 164.8, 690.8, 195.4]","[681.0, 167.7, 689.3, 194.1]",000023
0,Car,4.31,3.14,3,0.94,1319,0.9856,0.6376,"[896.1, 218.2, 1241.0, 374.0]","[898.5, 217.0, 1241.0, 374.0]","[914.9, 268.8, 1240.5, 374.0]",000025
1,Car,10.78,10.42,0,0.0,1121,0.9743,0.87,"[351.8, 183.2, 537.8, 308.6]","[351.8, 182.2, 538.2, 310.6]","[355.6, 191.4, 531.4, 306.8]",000025
2,Car,30.24,30.18,0,0.0,61,0.9669,0.6804,"[562.5, 173.5, 618.5, 217.4]","[562.9, 174.0, 618.3, 217.9]","[565.8, 179.6, 612.7, 215.3]",000025
3,Car,17.94,17.48,0,0.0,316,0.9752,0.7353,"[724.2, 178.9, 805.4, 249.9]","[725.1, 179.0, 805.4, 250.8]","[729.5, 186.1, 801.0, 245.5]",000025
4,Cyclist,44.76,44.63,3,0.0,21,0.9525,0.7389,"[650.2, 175.4, 660.0, 205.2]","[650.5, 175.6, 660.0, 205.3]","[651.2, 176.5, 659.2, 203.5]",000025
5,Car,22.77,22.3,1,0.0,27,0.9728,0.1928,"[720.8, 187.0, 780.0, 236.2]","[721.1, 186.7, 780.0, 236.9]","[724.0, 189.0, 738.0, 229.3]",000025
0,Car,12.73,12.2,0,0.0,1028,0.9764,0.8527,"[334.3, 180.6, 490.0, 297.5]","[335.7, 180.0, 490.0, 298.5]","[340.5, 184.9, 486.6, 291.2]",000031
1,Car,9.18,8.46,0,0.0,1028,0.9909,0.8917,"[785.8, 179.7, 1028.8, 340.8]","[786.7, 179.3, 1028.7, 341.2]","[795.1, 181.6, 1017.6, 338.5]",000031
2,Car,13.56,13.14,1,0.0,517,0.9782,0.7132,"[712.0, 179.6, 848.8, 277.6]","[713.1, 179.1, 849.2, 278.2]","[714.2, 186.5, 825.2, 272.6]",000031
3,Truck,22.59,22.27,2,0.0,328,0.9749,0.7829,"[445.9, 131.7, 539.8, 228.4]","[446.4, 133.0, 539.7, 228.9]","[448.2, 147.0, 538.4, 225.8]",000031
4,Car,26.6,26.41,0,0.0,141,0.9754,0.7398,"[660.8, 178.7, 713.1, 222.0]","[661.3, 178.7, 712.9, 222.5]","[663.1, 182.1, 710.8, 217.2]",000031
5,Van,51.96,51.9,0,0.0,32,0.9698,0.7146,"[621.0, 171.6, 649.4, 200.5]","[621.3, 172.0, 649.3, 200.6]","[625.2, 173.8, 648.0, 199.5]",000031
0,Car,9.8,9.0,0,0.0,1435,0.9784,0.7793,"[178.2, 189.4, 435.6, 344.7]","[178.1, 188.6, 436.2, 347.0]","[200.3, 192.2, 425.4, 330.6]",000032
1,Car,9.28,8.6,0,0.0,1352,0.9812,0.901,"[776.2, 182.4, 1014.4, 335.4]","[777.7, 182.0, 1013.6, 336.5]","[783.6, 188.1, 1006.9, 335.7]",000032
2,Van,14.91,14.34,1,0.0,803,0.9759,0.7609,"[340.6, 151.0, 489.1, 274.1]","[341.1, 152.6, 489.5, 274.8]","[357.3, 156.1, 486.6, 263.6]",000032
3,Car,13.9,13.47,1,0.0,410,0.9743,0.6712,"[711.6, 180.2, 863.1, 273.6]","[712.3, 179.3, 863.8, 274.3]","[719.5, 181.7, 834.5, 264.3]",000032
4,Car,20.23,19.85,2,0.0,71,0.9663,0.6616,"[709.5, 176.9, 777.8, 234.3]","[709.9, 177.1, 777.5, 235.4]","[712.6, 183.7, 766.0, 232.3]",000032
5,Van,25.47,22.71,2,0.0,584,0.978,0.4768,"[119.1, 141.3, 368.1, 230.7]","[119.5, 143.0, 368.2, 230.6]","[200.7, 147.1, 364.8, 211.8]",000032
6,Car,25.89,25.25,2,0.0,75,0.9632,0.3857,"[725.2, 164.2, 806.3, 219.4]","[725.9, 165.0, 806.3, 220.2]","[734.0, 167.8, 799.3, 194.3]",000032
7,Van,44.75,44.71,0,0.0,64,0.9658,0.6761,"[611.7, 163.2, 643.8, 197.1]","[612.2, 163.7, 643.7, 197.3]","[614.8, 168.0, 642.2, 194.9]",000032
8,Van,41.11,39.04,2,0.0,154,0.969,0.4526,"[780.9, 147.6, 917.3, 199.5]","[781.5, 148.5, 917.3, 199.1]","[787.5, 151.7, 889.0, 183.2]",000032
9,Car,45.17,44.75,0,0.0,39,0.9629,0.4793,"[494.8, 173.8, 531.5, 199.2]","[494.9, 174.2, 531.8, 199.6]","[496.7, 182.6, 530.0, 196.0]",000032
0,Pedestrian,12.85,12.56,0,0.0,158,0.7353,0.8403,"[471.6, 174.7, 502.5, 266.4]","[466.1, 175.1, 508.0, 266.3]","[469.2, 176.3, 504.0, 262.5]",000043
1,Pedestrian,12.73,12.34,0,0.0,183,0.9071,0.8266,"[441.1, 170.1, 473.2, 268.1]","[438.9, 170.4, 472.3, 268.4]","[440.6, 171.7, 469.9, 263.4]",000043
2,Pedestrian,20.71,20.51,0,0.0,85,0.8114,0.7228,"[684.7, 161.9, 711.1, 230.1]","[680.2, 162.0, 712.6, 230.2]","[686.5, 167.2, 707.6, 228.8]",000043
3,Pedestrian,20.63,20.3,0,0.0,88,0.7394,0.8708,"[719.5, 160.0, 745.4, 229.7]","[712.4, 160.1, 747.4, 229.6]","[719.2, 161.6, 745.9, 224.1]",000043
0,Pedestrian,16.94,16.82,0,0.0,113,0.7428,0.7707,"[659.6, 160.9, 687.9, 237.0]","[650.5, 160.8, 687.5, 236.8]","[658.1, 168.3, 685.9, 234.5]",000048
1,Pedestrian,17.21,17.03,0,0.0,132,0.7344,0.6168,"[680.6, 157.4, 711.8, 236.2]","[673.0, 157.6, 715.4, 236.1]","[675.2, 164.6, 705.6, 234.6]",000048
2,Pedestrian,16.63,16.26,0,0.0,116,0.6114,0.5612,"[453.2, 159.8, 482.5, 241.3]","[436.1, 160.0, 484.0, 241.2]","[446.7, 166.7, 475.7, 237.7]",000048
3,Cyclist,30.44,30.42,0,0.0,41,0.9556,0.531,"[600.2, 162.6, 622.0, 206.6]","[601.0, 162.5, 621.9, 206.5]","[604.8, 170.6, 619.5, 205.2]",000048
0,Car,21.61,21.55,0,0.0,206,0.9718,0.826,"[595.5, 177.1, 657.3, 227.3]","[596.1, 177.5, 657.5, 227.7]","[597.7, 180.6, 655.5, 224.9]",000049
1,Car,14.43,13.75,0,0.0,930,0.9702,0.8675,"[305.2, 179.6, 495.0, 263.7]","[305.9, 179.8, 494.5, 265.5]","[308.0, 182.9, 484.6, 261.3]",000049
2,Car,22.35,21.82,2,0.0,140,0.9718,0.5143,"[410.1, 176.2, 514.8, 228.8]","[410.7, 176.5, 514.8, 229.6]","[448.2, 178.0, 511.3, 222.9]",000049
3,Car,25.24,24.83,2,0.0,79,0.9655,0.538,"[436.0, 173.6, 537.8, 218.3]","[436.1, 174.2, 538.1, 219.1]","[470.8, 174.4, 530.9, 215.2]",000049
4,Car,32.81,32.49,2,0.0,18,0.9577,0.0884,"[473.6, 171.5, 556.2, 203.9]","[474.0, 172.1, 556.2, 204.5]","[528.1, 184.9, 554.6, 193.8]",000049
5,Van,45.88,45.7,3,0.0,79,0.9644,0.7251,"[515.2, 156.8, 585.7, 193.6]","[515.6, 157.4, 585.8, 194.1]","[522.6, 159.7, 581.6, 191.6]",000049
6,Pedestrian,5.71,4.71,3,0.29,830,0.7279,0.8368,"[984.4, 188.1, 1128.8, 374.0]","[951.9, 188.4, 1149.9, 374.0]","[969.1, 199.4, 1125.9, 374.0]",000049
7,Car,10.53,9.53,1,0.0,571,0.9822,0.8027,"[824.0, 189.3, 1083.1, 327.8]","[825.0, 188.7, 1082.9, 329.0]","[829.3, 194.7, 1066.5, 316.2]",000049
8,Car,15.53,14.89,1,0.0,432,0.9809,0.7359,"[753.3, 185.4, 885.4, 263.6]","[754.0, 184.9, 885.2, 264.1]","[758.5, 188.2, 868.8, 257.1]",000049
9,Car,20.71,20.2,2,0.0,198,0.9694,0.8402,"[719.8, 169.3, 816.4, 238.1]","[720.5, 170.5, 816.6, 238.6]","[724.6, 173.3, 812.4, 236.9]",000049
10,Pedestrian,32.83,32.55,0,0.0,42,0.7023,0.6579,"[693.6, 173.3, 709.9, 209.8]","[687.3, 173.5, 710.4, 209.9]","[691.6, 174.4, 707.3, 206.0]",000049
11,Car,33.29,31.83,2,0.0,74,0.9734,0.4851,"[776.8, 171.0, 882.3, 211.7]","[777.2, 171.7, 882.1, 211.5]","[803.5, 172.8, 867.0, 205.6]",000049
12,Car,14.5,12.04,3,0.07,437,0.9813,0.7134,"[0.0, 178.6, 252.9, 280.6]","[0.0, 178.5, 252.9, 282.4]","[28.4, 180.6, 237.7, 268.5]",000049
13,Car,19.08,17.23,1,0.0,312,0.9775,0.6438,"[194.1, 174.9, 342.0, 241.7]","[194.8, 175.1, 341.9, 242.7]","[227.0, 178.3, 335.8, 236.8]",000049
14,Car,35.71,35.67,2,0.0,2,0.9709,0.0,"[603.5, 171.7, 639.3, 204.4]","[603.6, 172.2, 639.2, 204.6]",,000049
15,Car,23.25,21.69,2,0.0,8,0.9771,0.0676,"[287.9, 175.6, 379.4, 228.8]","[287.9, 176.2, 379.5, 229.4]","[331.4, 180.0, 362.2, 190.7]",000049
16,Van,35.62,32.04,3,0.0,261,0.9745,0.4615,"[881.7, 155.1, 1041.0, 215.2]","[882.4, 155.9, 1040.8, 214.9]","[884.8, 157.1, 1032.0, 187.1]",000049
17,Car,22.43,17.43,3,0.38,56,0.9681,0.4431,"[0.0, 170.5, 111.6, 240.7]","[0.0, 171.5, 111.3, 241.8]","[7.7, 176.4, 94.9, 216.2]",000049
0,Van,18.86,15.23,3,0.05,989,0.97,0.8086,"[1054.3, 105.7, 1241.0, 249.9]","[1056.2, 106.8, 1241.0, 251.7]","[1061.0, 125.5, 1241.0, 246.5]",000061
1,Car,14.81,10.93,3,0.79,441,0.8721,0.6896,"[0.0, 212.3, 41.3, 328.1]","[0.0, 210.9, 41.4, 343.5]","[0.5, 223.7, 36.7, 314.8]",000061
2,Car,41.06,33.21,2,0.0,6,0.9727,0.1235,"[69.7, 217.7, 112.2, 254.1]","[69.7, 217.2, 112.3, 254.6]","[84.4, 240.9, 102.2, 251.7]",000061
3,Car,21.31,16.63,1,0.14,145,0.9591,0.5325,"[0.0, 218.4, 93.9, 297.9]","[0.0, 217.8, 93.3, 300.2]","[20.6, 226.0, 84.1, 288.6]",000061
4,Misc,37.18,34.42,3,0.0,86,0.9503,0.8124,"[879.5, 149.5, 932.1, 173.4]","[879.8, 150.2, 932.2, 173.1]","[880.4, 153.0, 931.5, 173.0]",000061
5,Van,43.67,40.44,3,0.0,14,0.9668,0.0193,"[884.0, 123.5, 923.6, 169.8]","[884.5, 123.9, 923.5, 169.3]","[885.9, 145.0, 923.2, 146.0]",000061
